id,title,journal,year,source_class,identifier,id_kind,verified,retrieval_status,mechanism_nodes,cohorts,has_abstract,abstract_source,link
auranofin_sirolimus_lung,Sirolimus and Auranofin in Treating Patients With Advanced or Recurrent Non-Small Cell Lung Cancer or Small Cell Lung Cancer,ClinicalTrials.gov,2014-05-14,trial_registry,NCT01737502,nct,True,POINTER_ONLY,,lung,False,,https://clinicaltrials.gov/study/NCT01737502
epmc_med_12823608,Five years survival in metastatic non‐small cell lung cancer patients treated with chemotherapy alone or chemotherapy and melatonin: a randomized trial,Journal of Pineal Research,2003,rct,10.1034/j.1600-079x.2003.00032.x,doi,True,POINTER_ONLY,,lung,True,,https://doi.org/10.1034/j.1600-079x.2003.00032.x
epmc_med_16077972,Combination of betulinic acid with cisplatin - different cytotoxic effects in two head and neck cancer cell lines,Oncology Reports,2005,observational,10.3892/or.14.3.667,doi,True,VERIFIED,herb_drug_interaction_cyp_pgp|p53_apoptosis_cell_cycle,head_neck|melanoma,True,,https://doi.org/10.3892/or.14.3.667
epmc_med_18297286,Inhibition of mitochondrial protein translation sensitizes melanoma cells to arsenic trioxide cytotoxicity via a reactive oxygen species dependent mechanism,Cancer Chemotherapy and Pharmacology,2008,observational,10.1007/s00280-008-0705-y,doi,True,POINTER_ONLY,electron_transport_oxphos|oxidative_stress_redox|p53_apoptosis_cell_cycle,melanoma,True,,https://doi.org/10.1007/s00280-008-0705-y
epmc_med_19350378,"Stress Biomarkers as Outcomes for HIV+ Prevention: Participation, Feasibility and Findings Among HIV+ Latina and African American Mothers",AIDS and Behavior,2009,rct,10.1007/s10461-009-9549-7,doi,True,POINTER_ONLY,oxidative_stress_redox,,True,,https://doi.org/10.1007/s10461-009-9549-7
epmc_med_20622677,Relationship Between CD4+ T-Cell Counts/HIV-1 RNA Plasma Viral Load and AIDS-Defining Events Among Persons Followed in the ACTG Longitudinal Linked Randomized Trials Study,JAIDS Journal of Acquired Immune Deficiency Syndromes,2010,rct,10.1097/qai.0b013e3181e8c129,doi,True,POINTER_ONLY,immune_checkpoint|oxidative_stress_redox,,True,,https://doi.org/10.1097/qai.0b013e3181e8c129
epmc_med_21542829,Differential transcriptional profiles mediated by exposure to the cannabinoids cannabidiol and Δ<sup>9</sup>‐tetrahydrocannabinol in BV‐2 microglial cells,British Journal of Pharmacology,2012,observational,10.1111/j.1476-5381.2011.01461.x,doi,True,POINTER_ONLY,cannabinoid_endocannabinoid|oxidative_stress_redox,,True,,https://doi.org/10.1111/j.1476-5381.2011.01461.x
epmc_med_22742672,Distant Healing of Surgical Wounds: An Exploratory Study,EXPLORE,2012,rct,10.1016/j.explore.2012.04.004,doi,True,POINTER_ONLY,oxidative_stress_redox,breast,True,,https://doi.org/10.1016/j.explore.2012.04.004
epmc_med_23414451,In vivo mouse cardiac hyperpolarized magnetic resonance spectroscopy,Journal of Cardiovascular Magnetic Resonance,2013,observational,10.1186/1532-429x-15-19,doi,True,POINTER_ONLY,metabolic_fasting_glycolysis|oxidative_stress_redox,,True,,https://doi.org/10.1186/1532-429x-15-19
epmc_med_24297161,Phase 1 trial of dichloroacetate (DCA) in adults with recurrent malignant brain tumors,Investigational New Drugs,2013,clinical_trial,10.1007/s10637-013-0047-4,doi,True,POINTER_ONLY,oxidative_stress_redox,glioma_gbm,True,,https://doi.org/10.1007/s10637-013-0047-4
epmc_med_25142999,Influence of <i><scp>P</scp>anax ginseng</i> on the Steady State Pharmacokinetic Profile of Lopinavir‐Ritonavir in Healthy Volunteers,Pharmacotherapy: The Journal of Human Pharmacology and Drug Therapy,2014,clinical_trial,10.1002/phar.1473,doi,True,POINTER_ONLY,electron_transport_oxphos,,True,,https://doi.org/10.1002/phar.1473
epmc_med_26245807,Impact of equol-producing capacity and soy-isoflavone profiles of supplements on bone calcium retention in postmenopausal women: a randomized crossover trial,The American Journal of Clinical Nutrition,2015,rct,10.3945/ajcn.114.093906,doi,True,POINTER_ONLY,oxidative_stress_redox,,True,,https://doi.org/10.3945/ajcn.114.093906
epmc_med_26951205,"Impact of phenolic-rich olive leaf extract on blood pressure, plasma lipids and inflammatory markers: a randomised controlled trial",European Journal of Nutrition,2016,rct,10.1007/s00394-016-1188-y,doi,True,POINTER_ONLY,oxidative_stress_redox,,True,,https://doi.org/10.1007/s00394-016-1188-y
epmc_med_27511820,"Target Organ Metabolism, Toxicity, and Mechanisms of Trichloroethylene and Perchloroethylene: Key Similarities, Differences, and Data Gaps",The Journal of Pharmacology and Experimental Therapeutics,2016,observational,10.1124/jpet.116.232629,doi,True,POINTER_ONLY,,,True,,https://doi.org/10.1124/jpet.116.232629
epmc_med_28174153,"A prospective, randomised, double-masked comparison of local anaesthetic agents for vitrectomy",British Journal of Ophthalmology,2017,rct,10.1136/bjophthalmol-2016-309780,doi,True,POINTER_ONLY,oxidative_stress_redox,,True,,https://doi.org/10.1136/bjophthalmol-2016-309780
epmc_med_28814830,Comparative analysis of essential oil composition of Iranian and Indian &lt;em&gt;Nigella sativa&lt;/em&gt; L. extracted using supercritical fluid extraction and solvent extraction,"Drug Design, Development and Therapy",2017,observational,10.2147/dddt.s87251,doi,True,POINTER_ONLY,,,True,,https://doi.org/10.2147/dddt.s87251
epmc_med_29404841,A multi-center survey on dietary knowledge and behavior among inpatients in oncology department,Supportive Care in Cancer,2018,international_literature,10.1007/s00520-018-4057-9,doi,True,POINTER_ONLY,,,True,,https://doi.org/10.1007/s00520-018-4057-9
epmc_med_30068487,Phase I trial of selenium plus chemotherapy in gynecologic cancers,Gynecologic Oncology,2018,clinical_trial,10.1016/j.ygyno.2018.07.001,doi,True,POINTER_ONLY,dna_damage_parp,ovarian,True,,https://doi.org/10.1016/j.ygyno.2018.07.001
epmc_med_30588339,Molecular and epigenetic regulatory mechanisms of normal stem cell radiosensitivity,Cell Death Discovery,2018,narrative_review,10.1038/s41420-018-0132-8,doi,True,VERIFIED,dna_damage_parp|p53_apoptosis_cell_cycle,leukemia,True,,https://doi.org/10.1038/s41420-018-0132-8
epmc_med_31031622,Plant-Derived Alkaloids: The Promising Disease-Modifying Agents for Inflammatory Bowel Disease,Frontiers in Pharmacology,2019,narrative_review,10.3389/fphar.2019.00351,doi,True,VERIFIED,,,True,,https://doi.org/10.3389/fphar.2019.00351
epmc_med_31619261,Linoleic acid improves assembly of the CII subunit and CIII2/CIV complex of the mitochondrial oxidative phosphorylation system in heart failure,Cell Communication and Signaling,2019,clinical_trial,10.1186/s12964-019-0445-0,doi,True,POINTER_ONLY,electron_transport_oxphos,,True,,https://doi.org/10.1186/s12964-019-0445-0
epmc_med_31987122,Fish oil supplementation in cancer patients. Capsules or nutritional drink supplements? A controlled study of compliance,Clinical Nutrition ESPEN,2020,rct,10.1016/j.clnesp.2019.12.004,doi,True,POINTER_ONLY,,,True,,https://doi.org/10.1016/j.clnesp.2019.12.004
epmc_med_32372215,Effect of melatonin supplementation in combination with neoadjuvant chemotherapy to miR-210 and CD44 expression and clinical response improvement in locally advanced oral squamous cell carcinoma: a randomized controlled trial,Journal of the Egyptian National Cancer Institute,2020,rct,10.1186/s43046-020-0021-0,doi,True,POINTER_ONLY,oxidative_stress_redox|perfusion_vascular_hypoxia,head_neck,True,,https://doi.org/10.1186/s43046-020-0021-0
epmc_med_32644127,"Safety, Pharmacokinetics, and Causal Prophylactic Efficacy of KAF156 in a <i>Plasmodium falciparum</i> Human Infection Study",Clinical Infectious Diseases,2020,rct,10.1093/cid/ciaa952,doi,True,POINTER_ONLY,,,True,,https://doi.org/10.1093/cid/ciaa952
epmc_med_32856476,"Overall Survival of Nonmetastasized NSCLC Patients Treated With Add-On
                    <i>Viscum album</i>
                    L: A Multicenter Real-World Study",Integrative Cancer Therapies,2020,international_literature,10.1177/1534735420940384,doi,True,POINTER_ONLY,,lung,True,,https://doi.org/10.1177/1534735420940384
epmc_med_33171663,Immunomodulatory Effects of Edible and Medicinal Mushrooms and Their Bioactive Immunoregulatory Products,Journal of Fungi,2020,narrative_review,10.3390/jof6040269,doi,True,POINTER_ONLY,cannabinoid_endocannabinoid,,True,,https://doi.org/10.3390/jof6040269
epmc_med_33466517,Complementary Methods in Cancer Treatment—Cure or Curse?,International Journal of Environmental Research and Public Health,2021,international_literature,10.3390/ijerph18010356,doi,True,POINTER_ONLY,oxidative_stress_redox,,True,,https://doi.org/10.3390/ijerph18010356
epmc_med_33802219,Supplementation with Octacosanol Affects the Level of PCSK9 and Restore Its Physiologic Relation with LDL-C in Patients on Chronic Statin Therapy,Nutrients,2021,rct,10.3390/nu13030903,doi,True,POINTER_ONLY,,,True,,https://doi.org/10.3390/nu13030903
epmc_med_34072098,Comparative Protective Effect of Nigella sativa Oil and Vitis vinifera Seed Oil in an Experimental Model of Isoproterenol-Induced Acute Myocardial Ischemia in Rats,Molecules,2021,observational,10.3390/molecules26113221,doi,True,POINTER_ONLY,oxidative_stress_redox,,True,,https://doi.org/10.3390/molecules26113221
epmc_med_34305355,Role of Ayurveda and Yoga-Based lifestyle in the COVID-19 pandemic – A narrative review,Journal of Ayurveda and Integrative Medicine,2022,narrative_review,10.1016/j.jaim.2021.07.009,doi,True,VERIFIED,,,True,,https://doi.org/10.1016/j.jaim.2021.07.009
epmc_med_34631734,"Cannabinoids, Medical Cannabis, and Colorectal Cancer Immunotherapy",Frontiers in Medicine,2021,narrative_review,10.3389/fmed.2021.713153,doi,True,VERIFIED,cannabinoid_endocannabinoid|immune_checkpoint|p53_apoptosis_cell_cycle|perfusion_vascular_hypoxia,colorectal,True,,https://doi.org/10.3389/fmed.2021.713153
epmc_med_34831236,The Response of Mitochondrial Respiration and Quantity in Skeletal Muscle and Adipose Tissue to Exercise in Humans with Prediabetes,Cells,2021,clinical_trial,10.3390/cells10113013,doi,True,POINTER_ONLY,electron_transport_oxphos|metabolic_fasting_glycolysis|perfusion_vascular_hypoxia,,True,,https://doi.org/10.3390/cells10113013
epmc_med_35087614,A Novel Method for Identifying Parkin Binding Agents in Complex Preparations of Herbal Medicines,Oxidative Medicine and Cellular Longevity,2022,international_literature,10.1155/2022/3260243,doi,True,POINTER_ONLY,,,True,,https://doi.org/10.1155/2022/3260243
epmc_med_35288747,Effect of dihydroartemisinin/piperaquine for malaria intermittent preventive treatment on dolutegravir exposure in pregnant women living with HIV,Journal of Antimicrobial Chemotherapy,2022,clinical_trial,10.1093/jac/dkac081,doi,True,POINTER_ONLY,herb_drug_interaction_cyp_pgp,,True,,https://doi.org/10.1093/jac/dkac081
epmc_med_35565731,"A Randomised, Double-Blind, Placebo-Controlled Crossover Trial of Resveratrol Supplementation for Prophylaxis of Hormonal Migraine",Nutrients,2022,rct,10.3390/nu14091763,doi,True,POINTER_ONLY,oxidative_stress_redox,,True,,https://doi.org/10.3390/nu14091763
epmc_med_35750958,Pharmacokinetic Evaluation of Intravenous Vitamin C: A Classic Pharmacokinetic Study,Clinical Pharmacokinetics,2022,clinical_trial,10.1007/s40262-022-01142-1,doi,True,POINTER_ONLY,herb_drug_interaction_cyp_pgp,,True,,https://doi.org/10.1007/s40262-022-01142-1
epmc_med_35956836,Discovery of New Inhibitors of eEF2K from Traditional Chinese Medicine Based on In Silico Screening and In Vitro Experimental Validation,Molecules,2022,international_literature,10.3390/molecules27154886,doi,True,POINTER_ONLY,,,True,,https://doi.org/10.3390/molecules27154886
epmc_med_36153497,Berberine supplementation modulates the somatotropic axis and ameliorates glucose tolerance in dairy goats during late gestation and early lactation,BMC Veterinary Research,2022,rct,10.1186/s12917-022-03452-9,doi,True,POINTER_ONLY,herb_drug_interaction_cyp_pgp,,True,,https://doi.org/10.1186/s12917-022-03452-9
epmc_med_36354034,"Efficacy and safety of moxidectin and albendazole compared with ivermectin and albendazole coadministration in adolescents infected with Trichuris trichiura in Tanzania: an open-label, non-inferiority, randomised, controlled, phase 2/3 trial",The Lancet Infectious Diseases,2023,rct,10.1016/s1473-3099(22)00589-8,doi,True,POINTER_ONLY,,,True,,https://doi.org/10.1016/s1473-3099(22)00589-8
epmc_med_36562288,Mistletoe lectin inhibits growth of Myc‐amplified small‐cell lung cancer,Cancer Medicine,2022,international_literature,10.1002/cam4.5558,doi,True,POINTER_ONLY,p53_apoptosis_cell_cycle,lung,True,,https://doi.org/10.1002/cam4.5558
epmc_med_36732781,"Terminally ill patients’ and their relatives’ experiences and behaviors regarding complementary and alternative medicine utilization in hospice palliative inpatient care units: a cross-sectional, multicenter survey",BMC Complementary Medicine and Therapies,2023,international_literature,10.1186/s12906-023-03859-3,doi,True,POINTER_ONLY,oxidative_stress_redox,,True,,https://doi.org/10.1186/s12906-023-03859-3
epmc_med_36902290,COVID-19 and Cancer Diseases—The Potential of Coriolus versicolor Mushroom to Combat Global Health Challenges,International Journal of Molecular Sciences,2023,narrative_review,10.3390/ijms24054864,doi,True,POINTER_ONLY,perfusion_vascular_hypoxia,,True,,https://doi.org/10.3390/ijms24054864
epmc_med_37110167,Evolution of Natural Product Scaffolds as Potential Proteasome Inhibitors in Developing Cancer Therapeutics,Metabolites,2023,narrative_review,10.3390/metabo13040509,doi,True,POINTER_ONLY,herb_drug_interaction_cyp_pgp,,True,,https://doi.org/10.3390/metabo13040509
epmc_med_37299420,Synergistic Effect of Diet and Physical Activity on a NAFLD Cohort: Metabolomics Profile and Clinical Variable Evaluation,Nutrients,2023,international_literature,10.3390/nu15112457,doi,True,POINTER_ONLY,,,True,,https://doi.org/10.3390/nu15112457
epmc_med_37511376,"Gut Microbiota, Metabolome, and Body Composition Signatures of Response to Therapy in Patients with Advanced Melanoma",International Journal of Molecular Sciences,2023,international_literature,10.3390/ijms241411611,doi,True,POINTER_ONLY,immune_checkpoint,melanoma,True,,https://doi.org/10.3390/ijms241411611
epmc_med_37678556,"Randomized, double-blind, controlled trial of a combination of alpha-lipoic acid and pregabalin for neuropathic pain: the PAIN-CARE trial",Pain,2023,rct,10.1097/j.pain.0000000000003038,doi,True,POINTER_ONLY,oxidative_stress_redox,,True,,https://doi.org/10.1097/j.pain.0000000000003038
epmc_med_37833946,Impact of Hypoxia–Hyperoxia Exposures on Cardiometabolic Risk Factors and TMAO Levels in Patients with Metabolic Syndrome,International Journal of Molecular Sciences,2023,rct,10.3390/ijms241914498,doi,True,POINTER_ONLY,oxidative_stress_redox|perfusion_vascular_hypoxia,,True,,https://doi.org/10.3390/ijms241914498
epmc_med_37960261,Benefits of Wasabi Supplements with 6-MSITC (6-Methylsulfinyl Hexyl Isothiocyanate) on Memory Functioning in Healthy Adults Aged 60 Years and Older: Evidence from a Double-Blinded Randomized Controlled Trial,Nutrients,2023,rct,10.3390/nu15214608,doi,True,POINTER_ONLY,,,True,,https://doi.org/10.3390/nu15214608
epmc_med_38139334,In Vitro and In Vivo Imaging-Based Evaluation of Doxorubicin Anticancer Treatment in Combination with the Herbal Medicine Black Cohosh,International Journal of Molecular Sciences,2023,international_literature,10.3390/ijms242417506,doi,True,POINTER_ONLY,perfusion_vascular_hypoxia,breast,True,,https://doi.org/10.3390/ijms242417506
epmc_med_38275736,"DNA Interactions and Biological Activity of 2,9-Disubstituted 1,10-Phenanthroline Thiosemicarbazone-Based Ligands and a 4-Phenylthiazole Derivative",Biology,2024,international_literature,10.3390/biology13010060,doi,True,POINTER_ONLY,oxidative_stress_redox|p53_apoptosis_cell_cycle,,True,,https://doi.org/10.3390/biology13010060
epmc_med_38397382,Unveiling the Protective Role of Melatonin in Osteosarcoma: Current Knowledge and Limitations,Biomolecules,2024,narrative_review,10.3390/biom14020145,doi,True,POINTER_ONLY,dna_damage_parp|p53_apoptosis_cell_cycle,sarcoma,True,,https://doi.org/10.3390/biom14020145
epmc_med_38612466,"Unveiling Anti-Diabetic Potential of Baicalin and Baicalein from Baikal Skullcap: LC–MS, In Silico, and In Vitro Studies",International Journal of Molecular Sciences,2024,international_literature,10.3390/ijms25073654,doi,True,POINTER_ONLY,herb_drug_interaction_cyp_pgp|oxidative_stress_redox,pancreatic,True,,https://doi.org/10.3390/ijms25073654
epmc_med_38720772,The antitumor action of endocannabinoids in the tumor microenvironment of glioblastoma,Frontiers in Pharmacology,2024,narrative_review,10.3389/fphar.2024.1395156,doi,True,VERIFIED,cannabinoid_endocannabinoid|immune_checkpoint,glioma_gbm,True,,https://doi.org/10.3389/fphar.2024.1395156
epmc_med_38784223,Exploring the mechanism of agarwood moxa smoke in treating sleep disorders based on GC–MS and network pharmacology,Frontiers in Medicine,2024,international_literature,10.3389/fmed.2024.1400334,doi,True,POINTER_ONLY,cannabinoid_endocannabinoid,,True,,https://doi.org/10.3389/fmed.2024.1400334
epmc_med_38895176,The Benefit of the Optimized Formula of Yinxieling in Psoriasis Vulgaris via Regulation on Autophagy Based on microRNA Expression Profile and Network Pharmacology Analysis,"Drug Design, Development and Therapy",2024,rct,10.2147/dddt.s459622,doi,True,POINTER_ONLY,immune_checkpoint|metabolic_fasting_glycolysis|p53_apoptosis_cell_cycle,,True,,https://doi.org/10.2147/dddt.s459622
epmc_med_39031400,In vivo biological screening of extract and bioactive compound from Ficus benghalensis L. and their in silico molecular docking analysis,Technology and Health Care,2024,international_literature,10.3233/thc-231703,doi,True,POINTER_ONLY,,,True,,https://doi.org/10.3233/thc-231703
epmc_med_39129235,Mecapegfilgrastim for the prophylaxis of chemotherapy‐induced neutropenia in locally advanced nasopharyngeal carcinoma: A prospective phase <scp>II</scp> clinical study,Head &amp; Neck,2024,clinical_trial,10.1002/hed.27897,doi,True,POINTER_ONLY,oxidative_stress_redox,,True,,https://doi.org/10.1002/hed.27897
epmc_med_39220824,"Investigating the Medicinal Potential of <i>Lavatera cashmeriana</i> Leaf Extract: Phytochemical Profiling and In Vitro Evaluation of Antimicrobial, Antioxidant, and Anticancer Activities",Advances in Pharmacological and Pharmaceutical Sciences,2024,international_literature,10.1155/2024/5301687,doi,True,POINTER_ONLY,,,True,,https://doi.org/10.1155/2024/5301687
epmc_med_39306190,Contraception use and changes in young women with newly diagnosed breast cancer,Fertility and Sterility,2025,rct,10.1016/j.fertnstert.2024.09.024,doi,True,POINTER_ONLY,,breast,True,,https://doi.org/10.1016/j.fertnstert.2024.09.024
epmc_med_39376991,Beyond genetics: integrative oncology and the metabolic perspective on cancer treatment,Frontiers in Oncology,2024,international_literature,10.3389/fonc.2024.1455022,doi,True,POINTER_ONLY,immune_checkpoint|metabolic_fasting_glycolysis|oxidative_stress_redox,,True,,https://doi.org/10.3389/fonc.2024.1455022
epmc_med_39488908,Integrating 2D NMR-based metabolomics and in vitro assays to explore the potential viability of cultivated Ophiocordyceps sinensis as an alternative to the wild counterpart,Journal of Pharmaceutical and Biomedical Analysis,2025,observational,10.1016/j.jpba.2024.116551,doi,True,POINTER_ONLY,,lung,True,,https://doi.org/10.1016/j.jpba.2024.116551
epmc_med_39598700,Antioxidant Potential of Medicinal Plants in the Treatment of Scabies Infestation,Molecules,2024,narrative_review,10.3390/molecules29225310,doi,True,POINTER_ONLY,oxidative_stress_redox,,True,,https://doi.org/10.3390/molecules29225310
epmc_med_39683420,Impact of Adlay-Based Formula on Pain and Discomfort in Women with Dysmenorrhea: A Randomized Controlled Trial,Nutrients,2024,rct,10.3390/nu16234026,doi,True,POINTER_ONLY,,,True,,https://doi.org/10.3390/nu16234026
epmc_med_39735922,"Discovery of Spirosnuolides A–D, Type I/III Hybrid Polyketide Spiro-Macrolides for a Chemotherapeutic Lead against Lung Cancer",JACS Au,2024,international_literature,10.1021/jacsau.4c00803,doi,True,POINTER_ONLY,metabolic_fasting_glycolysis|oxidative_stress_redox|p53_apoptosis_cell_cycle,liver_hcc|lung,True,,https://doi.org/10.1021/jacsau.4c00803
epmc_med_39825120,"The effects of intermittent fasting on antioxidant and inflammatory markers and liver enzymes in postmenopausal, overweight and obese women with rheumatoid arthritis: a randomized controlled trial",Scientific Reports,2025,rct,10.1038/s41598-025-86734-0,doi,True,POINTER_ONLY,metabolic_fasting_glycolysis|oxidative_stress_redox,,True,,https://doi.org/10.1038/s41598-025-86734-0
epmc_med_39895162,The Effect of Exercise on Spexin and Follistatin in Elderly Individuals,"Journal of Cachexia, Sarcopenia and Muscle",2025,rct,10.1002/jcsm.13692,doi,True,POINTER_ONLY,oxidative_stress_redox|perfusion_vascular_hypoxia,,True,,https://doi.org/10.1002/jcsm.13692
epmc_med_39940363,"The Efficacy of Cheonggukjang in Alleviating Menopausal Syndrome and Its Effects on the Gut Microbiome: A Randomized, Double-Blind Trial",Nutrients,2025,rct,10.3390/nu17030505,doi,True,POINTER_ONLY,oxidative_stress_redox,,True,,https://doi.org/10.3390/nu17030505
epmc_med_40005233,Comparison of the Immune Enhancing Activity and Chemical Constituents Between Imitation Wild and Cultivated Astragali Radix,Molecules,2025,observational,10.3390/molecules30040923,doi,True,POINTER_ONLY,,,True,,https://doi.org/10.3390/molecules30040923
epmc_med_40069715,"Comparison of PDE-5 inhibitors used in erectile dysfunction with some candidate molecules: A study involving molecular docking, ADMET, DFT, biological target, and activity",BMC Urology,2025,observational,10.1186/s12894-025-01727-5,doi,True,POINTER_ONLY,herb_drug_interaction_cyp_pgp|oxidative_stress_redox,,True,,https://doi.org/10.1186/s12894-025-01727-5
epmc_med_40119580,Chemoradiotherapy Combined With Modulated Electro‐Hyperthermia (<scp>mEHT</scp>) Converts Initially Inoperable Esophageal Cancer to Operable Disease,Thoracic Cancer,2025,case_report,10.1111/1759-7714.70044,doi,True,POINTER_ONLY,perfusion_vascular_hypoxia,,True,,https://doi.org/10.1111/1759-7714.70044
epmc_med_40149489,Genomics May Be the Key to Understanding Endurance Training Pillars,Genes,2025,narrative_review,10.3390/genes16030338,doi,True,POINTER_ONLY,,,True,,https://doi.org/10.3390/genes16030338
epmc_med_40232392,Antioxidants: a comprehensive review,Archives of Toxicology,2025,narrative_review,10.1007/s00204-025-03997-2,doi,True,POINTER_ONLY,oxidative_stress_redox,,True,,https://doi.org/10.1007/s00204-025-03997-2
epmc_med_40284008,From Olive Tree to Treatment: Nano-Delivery Systems for Enhancing Oleuropein’s Health Benefits,Pharmaceuticals,2025,narrative_review,10.3390/ph18040573,doi,True,POINTER_ONLY,,,True,,https://doi.org/10.3390/ph18040573
epmc_med_40333803,The Potential Therapeutic Role of Beta-Caryophyllene as a Chemosensitizer and an Inhibitor of Angiogenesis in Cancer,Molecules,2025,narrative_review,10.3390/molecules30081751,doi,True,POINTER_ONLY,cannabinoid_endocannabinoid|perfusion_vascular_hypoxia,,True,,https://doi.org/10.3390/molecules30081751
epmc_med_40375481,Quercetin Reduces Vascular Senescence and Inflammation in Symptomatic Male but Not Female Coronary Artery Disease Patients,Aging Cell,2025,rct,10.1111/acel.70108,doi,True,POINTER_ONLY,,,True,,https://doi.org/10.1111/acel.70108
epmc_med_40429863,Proteomic Analysis of Invasive Breast Cancer Cells Treated with CBD Reveals Proteins Associated with the Reversal of Their Epithelial-Mesenchymal Transition Induced by IL-1β,International Journal of Molecular Sciences,2025,international_literature,10.3390/ijms26104721,doi,True,POINTER_ONLY,cannabinoid_endocannabinoid|dna_damage_parp|oxidative_stress_redox,breast,True,,https://doi.org/10.3390/ijms26104721
epmc_med_40459015,The Effect of Music and Eye Masks on Sleep Quality and Delirium in Abdominal Surgery Intensive Care Patients: Randomized Controlled Trial,Nursing in Critical Care,2025,rct,10.1111/nicc.70072,doi,True,POINTER_ONLY,,,True,,https://doi.org/10.1111/nicc.70072
epmc_med_40507156,Critical Review on the Anti-Tumor Activity of Bioactive Compounds from Edible and Medicinal Mushrooms over the Last Five Years,Nutrients,2025,narrative_review,10.3390/nu17111887,doi,True,POINTER_ONLY,,,True,,https://doi.org/10.3390/nu17111887
epmc_med_40563367,Oxidative Stress and Inflammation: Drivers of Tumorigenesis and Therapeutic Opportunities,Antioxidants,2025,narrative_review,10.3390/antiox14060735,doi,True,POINTER_ONLY,dna_damage_parp|immune_checkpoint|metabolic_fasting_glycolysis|oxidative_stress_redox|perfusion_vascular_hypoxia,,True,,https://doi.org/10.3390/antiox14060735
epmc_med_40588675,Exercise therapy and self-management support for individuals with multimorbidity: a randomized and controlled trial,Nature Medicine,2025,rct,10.1038/s41591-025-03779-4,doi,True,POINTER_ONLY,perfusion_vascular_hypoxia,,True,,https://doi.org/10.1038/s41591-025-03779-4
epmc_med_40621157,Chemoprevention of Keratinocyte Cancers: Could Aspirin Be the Solution?,Journal of Cancer Prevention,2025,narrative_review,10.15430/jcp.25.007,doi,True,POINTER_ONLY,herb_drug_interaction_cyp_pgp,,True,,https://doi.org/10.15430/jcp.25.007
epmc_med_40660285,"Different light color temperatures in the morning on the effectiveness of rehabilitation training in patients with ischemic stroke: a prospective, single-center, randomized controlled clinical trial",Journal of NeuroEngineering and Rehabilitation,2025,rct,10.1186/s12984-025-01679-9,doi,True,POINTER_ONLY,oxidative_stress_redox,,True,,https://doi.org/10.1186/s12984-025-01679-9
epmc_med_40707604,Metabolomic profiles impacted by brief mindfulness intervention with contributions to improved health,Scientific Reports,2025,rct,10.1038/s41598-025-12067-7,doi,True,POINTER_ONLY,cannabinoid_endocannabinoid|metabolic_fasting_glycolysis,,True,,https://doi.org/10.1038/s41598-025-12067-7
epmc_med_40732996,"A Randomized Double-Blind Trial of the Effect of Liupao Tea on Metabolic Parameters, Body Composition, and Gut Microbiota in Adults with Metabolic Syndrome",Nutrients,2025,rct,10.3390/nu17142371,doi,True,POINTER_ONLY,,,True,,https://doi.org/10.3390/nu17142371
epmc_med_40765131,Metabolome Profiling of Yokukansan in Preventing Postoperative Delirium in Elderly Cancer Patients: A Reverse Translational Study,Psychiatry and Clinical Neurosciences,2025,rct,10.1111/pcn.13875,doi,True,POINTER_ONLY,oxidative_stress_redox,,True,,https://doi.org/10.1111/pcn.13875
epmc_med_40801639,Reactive Oxygen Species: A Double-Edged Sword in the Modulation of Cancer Signaling Pathway Dynamics,Cells,2025,narrative_review,10.3390/cells14151207,doi,True,POINTER_ONLY,dna_damage_parp|electron_transport_oxphos|immune_checkpoint|oxidative_stress_redox,,True,,https://doi.org/10.3390/cells14151207
epmc_med_40838108,Target discovery-directed pharmacological mechanism elucidation of bioactive natural products,Medical Review,2025,narrative_review,10.1515/mr-2024-0076,doi,True,POINTER_ONLY,oxidative_stress_redox,,True,,https://doi.org/10.1515/mr-2024-0076
epmc_med_40867309,Exogenous Estrogens as Breast Cancer Risk Factors: A Perspective,Cancers,2025,narrative_review,10.3390/cancers17162680,doi,True,POINTER_ONLY,perfusion_vascular_hypoxia,breast,True,,https://doi.org/10.3390/cancers17162680
epmc_med_40893779,Role of isoflavones in multiple sclerosis,IBRO Neuroscience Reports,2025,narrative_review,10.1016/j.ibneur.2025.08.012,doi,True,POINTER_ONLY,oxidative_stress_redox,,True,,https://doi.org/10.1016/j.ibneur.2025.08.012
epmc_med_40921646,"N-acetyl cysteine for the treatment of alcohol use disorder: study protocol for a multi-site, double-blind randomised controlled trial (NAC-AUD study)",BMJ Open,2025,clinical_trial,10.1136/bmjopen-2024-091631,doi,True,POINTER_ONLY,oxidative_stress_redox,,True,,https://doi.org/10.1136/bmjopen-2024-091631
epmc_med_40944126,"Multi-Species Synbiotic Supplementation Enhances Gut Microbial Diversity, Increases Urolithin A and Butyrate Production, and Reduces Inflammation in Healthy Adults: A Randomized, Placebo-Controlled Trial",Nutrients,2025,rct,10.3390/nu17172734,doi,True,POINTER_ONLY,,,True,,https://doi.org/10.3390/nu17172734
epmc_med_40970462,Fasting Mimicking Diets Reverse Accelerated Biological Aging in Multiple Sclerosis,Annals of Neurology,2025,rct,10.1002/ana.78044,doi,True,POINTER_ONLY,metabolic_fasting_glycolysis|oxidative_stress_redox,,True,,https://doi.org/10.1002/ana.78044
epmc_med_41002745,"Exploring the Interplay of Antioxidants, Inflammation, and Oxidative Stress: Mechanisms, Therapeutic Potential, and Clinical Implications",Diseases,2025,narrative_review,10.3390/diseases13090309,doi,True,POINTER_ONLY,oxidative_stress_redox,,True,,https://doi.org/10.3390/diseases13090309
epmc_med_41011723,"Botany, Ethnomedicinal Uses, Biological Activities, Phytochemistry, and Technological Applications of Morinda citrifolia Plants",Molecules,2025,narrative_review,10.3390/molecules30183831,doi,True,POINTER_ONLY,,,True,,https://doi.org/10.3390/molecules30183831
epmc_med_41039872,Selected microRNAs as biomarkers in sarcoid-affected horses under immunotherapy with a mistletoe extract,Journal of Veterinary Diagnostic Investigation,2025,international_literature,10.1177/10406387251362820,doi,True,POINTER_ONLY,herb_drug_interaction_cyp_pgp|immune_checkpoint,,True,,https://doi.org/10.1177/10406387251362820
epmc_med_41070602,"<i>Astragalus</i>
                    polysaccharide as a potential antitumor immunomodulatory drug (Review)",Molecular Medicine Reports,2025,narrative_review,10.3892/mmr.2025.13706,doi,True,POINTER_ONLY,immune_checkpoint|oxidative_stress_redox,,True,,https://doi.org/10.3892/mmr.2025.13706
epmc_med_41090244,"Decreased Mitochondrial Translation Suppresses 3,3′‐Diindolylmethane‐Induced Reactive Oxygen Species Generation in
                    <i>Schizosaccharomyces Pombe</i>",Genes to Cells,2025,international_literature,10.1111/gtc.70056,doi,True,POINTER_ONLY,immune_checkpoint|oxidative_stress_redox,,True,,https://doi.org/10.1111/gtc.70056
epmc_med_41103946,Microbiome-mediated regulation of chemoradiotherapy response,Frontiers in Oncology,2025,narrative_review,10.3389/fonc.2025.1659467,doi,True,POINTER_ONLY,dna_damage_parp|immune_checkpoint|metabolic_fasting_glycolysis,,True,,https://doi.org/10.3389/fonc.2025.1659467
epmc_med_41135276,Sulforaphane targets STAT3-CKMT2-AS1 to suppress gastric cancer via PSMB8 downregulation and AIMP1 stabilization,Phytomedicine,2025,international_literature,10.1016/j.phymed.2025.157428,doi,True,POINTER_ONLY,,gastric,True,,https://doi.org/10.1016/j.phymed.2025.157428
epmc_med_41155457,Microbial-Based Green Synthesis of Silver Nanoparticles: A Comparative Review of Bacteria- and Fungi-Mediated Approaches,International Journal of Molecular Sciences,2025,observational,10.3390/ijms262010163,doi,True,POINTER_ONLY,,,True,,https://doi.org/10.3390/ijms262010163
epmc_med_41169705,Potential of Secondary Metabolite Compounds of Black Cumin Seeds (Nigella sativa L.) as Therapeutic Agents for Chronic Diseases,"Drug Design, Development and Therapy",2025,narrative_review,10.2147/dddt.s554704,doi,True,POINTER_ONLY,,,True,,https://doi.org/10.2147/dddt.s554704
epmc_med_41201393,Racial and clinical determinants of response in 2304 large B-cell lymphomas treated with CD19 CAR T in clinical trials,Blood Advances,2026,international_literature,10.1182/bloodadvances.2025016361,doi,True,POINTER_ONLY,immune_checkpoint|oxidative_stress_redox,lymphoma,True,,https://doi.org/10.1182/bloodadvances.2025016361
epmc_med_41226228,Bioactive Potential of Terpenes from Mediterranean Scrub Plants: A Review,Molecules,2025,narrative_review,10.3390/molecules30214268,doi,True,POINTER_ONLY,cannabinoid_endocannabinoid|oxidative_stress_redox,,True,,https://doi.org/10.3390/molecules30214268
epmc_med_41242563,Multifaceted role of primary cilia and ciliary proteins: A potential nexus for hedgehog signaling and prostate cancer,Biochimica et Biophysica Acta (BBA) - Molecular Basis of Disease,2026,narrative_review,10.1016/j.bbadis.2025.168120,doi,True,POINTER_ONLY,immune_checkpoint|microtubule_mitosis|oxidative_stress_redox,prostate,True,,https://doi.org/10.1016/j.bbadis.2025.168120
epmc_med_41268319,Exploring the potential of ginseng-derived compounds in treating cancer cachexia,Journal of Ginseng Research,2025,narrative_review,10.1016/j.jgr.2025.08.002,doi,True,POINTER_ONLY,,,True,,https://doi.org/10.1016/j.jgr.2025.08.002
epmc_med_41291551,Nanoliposome-mediated delivery of sulforaphane suppresses Ehrlich ascites carcinoma growth and improves liver integrity and therapeutic outcomes in a murine model,BMC Cancer,2025,international_literature,10.1186/s12885-025-15279-2,doi,True,POINTER_ONLY,oxidative_stress_redox|p53_apoptosis_cell_cycle,,True,,https://doi.org/10.1186/s12885-025-15279-2
epmc_med_41302173,Protective Role of Lipid-Lowering Drugs in Breast Cancer: Effects on Cancer Incidence and Cardiotoxicity,Life,2025,narrative_review,10.3390/life15111749,doi,True,POINTER_ONLY,,breast,True,,https://doi.org/10.3390/life15111749
epmc_med_41313564,Chronic stress-related neuroendocrine mediators and ovarian cancer,Discover Oncology,2025,narrative_review,10.1007/s12672-025-04012-x,doi,True,POINTER_ONLY,oxidative_stress_redox|perfusion_vascular_hypoxia,ovarian,True,,https://doi.org/10.1007/s12672-025-04012-x
epmc_med_41333022,"Ethnomedicinal, phytochemical, pharmacological, and conservation studies of an endangered plant: the desert teak (Tecomella undulata (Sm.) Seem.)",Frontiers in Pharmacology,2025,narrative_review,10.3389/fphar.2025.1665446,doi,True,POINTER_ONLY,,,True,,https://doi.org/10.3389/fphar.2025.1665446
epmc_med_41362256,"Dose-Response Relationship of Niclosamide and Metformin Combination in Apc
                    <sup>Min/+</sup>
                    Mice: An Integrated
                    <i>In Vivo</i>
                    and Pharmacokinetic Modeling Study",Gut and Liver,2025,international_literature,10.5009/gnl250294,doi,True,POINTER_ONLY,herb_drug_interaction_cyp_pgp,colorectal,True,,https://doi.org/10.5009/gnl250294
epmc_med_41377136,Small-molecule probes based on natural products: Elucidation of drug-target mechanisms in stroke,Journal of Pharmaceutical Analysis,2025,narrative_review,10.1016/j.jpha.2025.101290,doi,True,POINTER_ONLY,,,True,,https://doi.org/10.1016/j.jpha.2025.101290
epmc_med_41398880,Analysis of factors associated with substandard nutrition in critically ill patients and the effect of applying enteral nutrition nursing model based on evidence-based medicine: A retrospective observational study,Medicine,2025,observational,10.1097/md.0000000000044231,doi,True,POINTER_ONLY,herb_drug_interaction_cyp_pgp|oxidative_stress_redox,ovarian,True,,https://doi.org/10.1097/md.0000000000044231
epmc_med_41421295,"A phase II, multicenter, open-label, single-arm study of berzosertib plus topotecan in patients with relapsed platinum-resistant small-cell lung cancer (DDRiver SCLC 250)",ESMO Open,2026,clinical_trial,10.1016/j.esmoop.2025.105918,doi,True,POINTER_ONLY,dna_damage_parp,lung,True,,https://doi.org/10.1016/j.esmoop.2025.105918
epmc_med_41441183,"Lifestyle-Based Approaches to Cancer Prevention and Treatment: Diet, Physical Activity, and Integrative Strategies",Pathophysiology,2025,narrative_review,10.3390/pathophysiology32040070,doi,True,POINTER_ONLY,metabolic_fasting_glycolysis|perfusion_vascular_hypoxia,colorectal|liver_hcc,True,,https://doi.org/10.3390/pathophysiology32040070
epmc_med_41462716,Exploiting Oxidative Stress as Achilles’ Heel: From Redox Homeostasis to Ferroptosis in Prostate Cancer,Antioxidants,2025,narrative_review,10.3390/antiox14121517,doi,True,POINTER_ONLY,dna_damage_parp|immune_checkpoint|oxidative_stress_redox,prostate,True,,https://doi.org/10.3390/antiox14121517
epmc_med_41470867,"Effect of the Consumption of Milk with Beta-Casein A2A2, Milk with Beta-Casein A1A2 and a Plant-Based Drink on Metabolic Health in Adults: Protocol IMPA-CT Study",Nutrients,2025,clinical_trial,10.3390/nu17243922,doi,True,POINTER_ONLY,,,True,,https://doi.org/10.3390/nu17243922
epmc_med_41482893,Circadian Disruption from Urban Night-Time Noise and Endocrine Health Risks in Shift Workers,Noise and Health,2025,narrative_review,10.4103/nah.nah_183_25,doi,True,POINTER_ONLY,metabolic_fasting_glycolysis|oxidative_stress_redox,,True,,https://doi.org/10.4103/nah.nah_183_25
epmc_med_41500039,BCG and β-glucan primed monocytes yield dendritic cells that hamper the induction of pro-inflammatory T cell immunity,Cellular Immunology,2026,international_literature,10.1016/j.cellimm.2025.105060,doi,True,POINTER_ONLY,electron_transport_oxphos|immune_checkpoint|metabolic_fasting_glycolysis,,True,,https://doi.org/10.1016/j.cellimm.2025.105060
epmc_med_41515943,Biogenic vs. Chemical AgNPs: A Comparison of Antimicrobial Potency and Stability,International Journal of Molecular Sciences,2025,observational,10.3390/ijms27010062,doi,True,POINTER_ONLY,oxidative_stress_redox,,True,,https://doi.org/10.3390/ijms27010062
epmc_med_41535590,Pathophysiology of reactive oxygen species (ROS),Archives of Toxicology,2026,narrative_review,10.1007/s00204-025-04276-w,doi,True,POINTER_ONLY,oxidative_stress_redox,,False,,https://doi.org/10.1007/s00204-025-04276-w
epmc_med_41562649,"Thirty-Sixth Annual Meeting of the Society for Light, Rhythms, and Circadian Health (SLRCH), 14–16 June, Boston, MA, USA",Clocks &amp; Sleep,2025,international_literature,10.3390/clockssleep8010002,doi,True,POINTER_ONLY,,,True,,https://doi.org/10.3390/clockssleep8010002
epmc_med_41584105,"Toxicity and health effects of delta-8, delta-9, and delta-10-tetrahydrocannabinol and unregulated cannabinoids in vaping products",Toxicology Reports,2026,narrative_review,10.1016/j.toxrep.2026.102202,doi,True,POINTER_ONLY,cannabinoid_endocannabinoid,,True,,https://doi.org/10.1016/j.toxrep.2026.102202
epmc_med_41595108,"Implementation of Natural Products and Derivatives in Acute Myeloid Leukemia Management: Current Treatments, Clinical Trials and Future Directions",Cancers,2026,narrative_review,10.3390/cancers18020185,doi,True,POINTER_ONLY,herb_drug_interaction_cyp_pgp|oxidative_stress_redox|p53_apoptosis_cell_cycle,leukemia,True,,https://doi.org/10.3390/cancers18020185
epmc_med_41599764,Targeting Infected Host Cell Heme Metabolism to Kill Malaria Parasites,Pharmaceuticals,2026,international_literature,10.3390/ph19010167,doi,True,POINTER_ONLY,herb_drug_interaction_cyp_pgp|immune_checkpoint|oxidative_stress_redox,,True,,https://doi.org/10.3390/ph19010167
epmc_med_41611245,Advancing ICOS agonism in solid tumors: lessons from INDUCE-1,Journal for ImmunoTherapy of Cancer,2026,commentary,10.1136/jitc-2025-013991,doi,True,POINTER_ONLY,immune_checkpoint|oxidative_stress_redox,,True,,https://doi.org/10.1136/jitc-2025-013991
epmc_med_41623448,The effect of alpha-lipoic acid supplementation on vascular function and inflammation in patients newly experienced stroke,Journal of Research in Medical Sciences,2025,international_literature,10.4103/jrms.jrms_611_21,doi,True,POINTER_ONLY,oxidative_stress_redox,,True,,https://doi.org/10.4103/jrms.jrms_611_21
epmc_med_41640792,Survey of MaineHealth Cancer Care Network Providers on Cannabis Use: Preparation for Studies Sponsored by the National Cancer Institute,Journal of Maine Medical Center,2026,international_literature,10.46804/2641-2225.1245,doi,True,POINTER_ONLY,cannabinoid_endocannabinoid,liver_hcc,True,,https://doi.org/10.46804/2641-2225.1245
epmc_med_41659256,Efficacy and mechanisms of cisplatin and sulforaphane nanoparticles in alleviating cisplatin resistance in non-small cell lung cancer,Translational Lung Cancer Research,2026,international_literature,10.21037/tlcr-2025-1123,doi,True,POINTER_ONLY,dna_damage_parp|oxidative_stress_redox|p53_apoptosis_cell_cycle,lung,True,,https://doi.org/10.21037/tlcr-2025-1123
epmc_med_41674940,EGCG promotes apoptosis in BT-549 triple-negative breast cancer cells by targeting STAT3,Translational Cancer Research,2026,international_literature,10.21037/tcr-2025-1-2883,doi,True,POINTER_ONLY,p53_apoptosis_cell_cycle,breast,True,,https://doi.org/10.21037/tcr-2025-1-2883
epmc_med_41683374,"Cuproptosis: Biomarkers, Mechanisms and Treatments in Diseases",Molecules,2026,narrative_review,10.3390/molecules31030394,doi,True,POINTER_ONLY,p53_apoptosis_cell_cycle,,True,,https://doi.org/10.3390/molecules31030394
epmc_med_41690125,"Multimodal brain–gut–sleep phenotypes predict delirium, long-term cognitive decline, and survival after colorectal cancer surgery",Psychoneuroendocrinology,2026,observational,10.1016/j.psyneuen.2026.107794,doi,True,POINTER_ONLY,oxidative_stress_redox,colorectal,True,,https://doi.org/10.1016/j.psyneuen.2026.107794
epmc_med_41703670,"Diet, nutrition, and hormone therapy for prostate cancer: a systematic review with implications for future interventions",JNCI Cancer Spectrum,2026,systematic_review,10.1093/jncics/pkag014,doi,True,POINTER_ONLY,oxidative_stress_redox|perfusion_vascular_hypoxia,prostate,True,,https://doi.org/10.1093/jncics/pkag014
epmc_med_41720422,"Mebendazole impairs the expression and function of enzymes in nucleotide metabolism pathways, leading to Selective Cytotoxicity, Cell Cycle Arrest, and Damage to Cell Morphology in Gastric Cancer",Chemico-Biological Interactions,2026,international_literature,10.1016/j.cbi.2026.111973,doi,True,POINTER_ONLY,p53_apoptosis_cell_cycle,gastric,True,,https://doi.org/10.1016/j.cbi.2026.111973
epmc_med_41735448,Evaluation of copper chloride crystallisation as a method for systems-level characterisation of phytopharmaceuticals – a pilot investigation,Scientific Reports,2026,international_literature,10.1038/s41598-026-41081-6,doi,True,POINTER_ONLY,,,False,,https://doi.org/10.1038/s41598-026-41081-6
epmc_med_41750258,New Pyridinone Alkaloid and Polyketide from the Cordyceps-Colonizing Fungus Pseudogymnoascus roseus,Biomolecules,2026,international_literature,10.3390/biom16020187,doi,True,POINTER_ONLY,oxidative_stress_redox,,True,,https://doi.org/10.3390/biom16020187
epmc_med_41762649,The effectiveness of the AI-based RehabLung mobile rehabilitation system on cardiopulmonary function and user satisfaction in lung cancer patients undergoing thoracic surgery: a protocol for a two-arm randomized clinical trial,Therapeutic Advances in Respiratory Disease,2026,clinical_trial,10.1177/17534666261427319,doi,True,POINTER_ONLY,perfusion_vascular_hypoxia,lung,True,,https://doi.org/10.1177/17534666261427319
epmc_med_41777712,"Recent advances in small-molecule fluorescent probes for simultaneous dual detection of HClO/ClO
                    <sup>−</sup>
                    and analytes/microenvironment",Chemical Science,2026,narrative_review,10.1039/d5sc08843g,doi,True,POINTER_ONLY,oxidative_stress_redox,,True,,https://doi.org/10.1039/d5sc08843g
epmc_med_41799505,"The Neuroimmune Axis in Gastric Cancer: Bridging Neural Regulation, Tumor Microenvironment, and Immunotherapy",Oncology Research,2026,narrative_review,10.32604/or.2025.074893,doi,True,POINTER_ONLY,immune_checkpoint|oxidative_stress_redox|perfusion_vascular_hypoxia,gastric,True,,https://doi.org/10.32604/or.2025.074893
epmc_med_41815161,Efficacy and potential mechanism of main active ingredients of Astragalus membranaceus in animals with hepatocellular carcinoma: a systematic review and meta-analysis,Translational Cancer Research,2026,meta_analysis,10.21037/tcr-2025-aw-2426,doi,True,POINTER_ONLY,oxidative_stress_redox,liver_hcc,True,,https://doi.org/10.21037/tcr-2025-aw-2426
epmc_med_41832362,Acceptability and Feasibility of a Virtual Multimodal (P)Rehabilitation Programme for Gastrointestinal Cancer Patients: The PRIORITY-CONNECT 2 Pilot Randomised Controlled Trial,Annals of Surgical Oncology,2026,rct,10.1245/s10434-026-19355-0,doi,True,POINTER_ONLY,oxidative_stress_redox,colorectal,True,,https://doi.org/10.1245/s10434-026-19355-0
epmc_med_41848509,Photosynthetic Nanobacteria Drive Metabolic‐Immune Synergy for Hypoxia‐Resistant Cancer Therapy,Advanced Materials,2026,international_literature,10.1002/adma.72834,doi,True,POINTER_ONLY,immune_checkpoint|metabolic_fasting_glycolysis|oxidative_stress_redox|perfusion_vascular_hypoxia,breast,True,,https://doi.org/10.1002/adma.72834
epmc_med_41861180,Clinical risk factors associated with poor prognosis in gastric cancer patients with peritoneal metastasis,Medicine,2026,observational,10.1097/md.0000000000047944,doi,True,POINTER_ONLY,oxidative_stress_redox,gastric,True,,https://doi.org/10.1097/md.0000000000047944
epmc_med_41878172,Between Deficiency and Excess: The Dual Role of Selected Dietary Supplements in Immune Health,Cureus,2026,narrative_review,10.7759/cureus.104014,doi,True,POINTER_ONLY,oxidative_stress_redox,,True,,https://doi.org/10.7759/cureus.104014
epmc_med_41891359,Enhancing Quality of Life in Head and Neck Cancer: A Scoping Review on the Role of Physical Prehabilitation,Cancer Medicine,2026,narrative_review,10.1002/cam4.71743,doi,True,POINTER_ONLY,perfusion_vascular_hypoxia,head_neck,True,,https://doi.org/10.1002/cam4.71743
epmc_med_41898546,Oxidative Stress in Health and Disease: Mechanisms and Therapeutic Perspectives,International Journal of Molecular Sciences,2026,narrative_review,10.3390/ijms27062681,doi,True,POINTER_ONLY,oxidative_stress_redox,,True,,https://doi.org/10.3390/ijms27062681
epmc_med_41901240,"Cyclamen persicum Bulb Extract Modulates NF-κB, Oxidative Stress, and Apoptotic Pathways in Triple-Negative Breast Cancer",Pharmaceuticals,2026,international_literature,10.3390/ph19030388,doi,True,POINTER_ONLY,immune_checkpoint|oxidative_stress_redox|p53_apoptosis_cell_cycle,breast|pancreatic,True,,https://doi.org/10.3390/ph19030388
epmc_med_41912408,Patient‐reported health‐related quality of life in previously untreated chronic lymphocytic leukaemia: Results from the randomised phase 3 FLAIR trial comparing ibrutinib–rituximab versus fludarabine–cyclophosphamide–rituximab,British Journal of Haematology,2026,rct,10.1111/bjh.70416,doi,True,POINTER_ONLY,oxidative_stress_redox,leukemia,True,,https://doi.org/10.1111/bjh.70416
epmc_med_41930142,Ferroptosis as a Translational Axis in Small Cell Lung Cancer: A Systematic Review of Redox Pathways and Precision Oncology Prospects,Oncology Research,2026,systematic_review,10.32604/or.2025.073045,doi,True,POINTER_ONLY,immune_checkpoint|oxidative_stress_redox,lung,True,,https://doi.org/10.32604/or.2025.073045
epmc_med_41941024,"Sex determining region Y box protein 2 (SOX2) expression, alteration, regulation and its diagnostics, prognostics and therapeutics in lung cancer",Discover Oncology,2026,international_literature,10.1007/s12672-026-04928-y,doi,True,POINTER_ONLY,,lung,True,,https://doi.org/10.1007/s12672-026-04928-y
epmc_med_41958547,Research status and progress on the relationship between obstructive sleep apnea and pulmonary nodules,Frontiers in Medicine,2026,narrative_review,10.3389/fmed.2026.1703966,doi,True,POINTER_ONLY,oxidative_stress_redox|perfusion_vascular_hypoxia,,True,,https://doi.org/10.3389/fmed.2026.1703966
epmc_med_41969459,"Unraveling glutamine metabolism in ovarian carcinoma: signaling cross-talk, positron emission tomography utility, and therapeutic boundaries",Translational Cancer Research,2026,commentary,10.21037/tcr-2025-1-2920,doi,True,POINTER_ONLY,oxidative_stress_redox,ovarian,False,,https://doi.org/10.21037/tcr-2025-1-2920
epmc_med_41977395,"The Brown Strain of Flammulina velutipes Singer Attenuates 5-Fluorouracil-Induced Intestinal Injury by Suppressing Inflammation, Oxidative Stress, and Barrier Disruption via Modulation of Epithelial–Mesenchymal Transition and Tight Junction Integrity",International Journal of Molecular Sciences,2026,international_literature,10.3390/ijms27073212,doi,True,POINTER_ONLY,immune_checkpoint|oxidative_stress_redox|p53_apoptosis_cell_cycle,colorectal,True,,https://doi.org/10.3390/ijms27073212
epmc_med_41987077,Circulating vitamin D status and prognosis in colorectal cancer: a systematic review and meta-analysis with exploratory evidence on vitamin D receptor polymorphisms,BMC Cancer,2026,meta_analysis,10.1186/s12885-026-16026-x,doi,True,POINTER_ONLY,,colorectal,False,,https://doi.org/10.1186/s12885-026-16026-x
epmc_med_42004071,Epigenetic reprogramming of hexokinase domain containing 1 (HKDC1) promotes proliferation in colorectal cancer,American Journal of Cancer Research,2026,international_literature,10.62347/ossn5233,doi,True,POINTER_ONLY,metabolic_fasting_glycolysis|oxidative_stress_redox,colorectal,True,,https://doi.org/10.62347/ossn5233
epmc_med_42020416,Ketogenic diet exacerbates DSS-induced colitis through a β-hydroxybutyrate-Thomasclavelia spiroformis-γδ17 T cell axis in mice,Nature Communications,2026,international_literature,10.1038/s41467-026-72044-0,doi,True,POINTER_ONLY,immune_checkpoint|metabolic_fasting_glycolysis,,True,,https://doi.org/10.1038/s41467-026-72044-0
epmc_med_42038440,Targeting cancer cell mitochondria with a multivalent source of singlet oxygen,Smart Molecules,2026,international_literature,10.1002/smo2.70035,doi,True,POINTER_ONLY,oxidative_stress_redox|p53_apoptosis_cell_cycle,,True,,https://doi.org/10.1002/smo2.70035
epmc_med_42045905,"An assessment of curcumin, curcumin spanlastics nanoparticles, and curcumin nanocrystals as possible drug delivery systems with antimicrobial, antioxidant, and antitumor activities",BMC Biotechnology,2026,international_literature,10.1186/s12896-026-01153-x,doi,True,POINTER_ONLY,,,False,,https://doi.org/10.1186/s12896-026-01153-x
epmc_med_42058232,Structure-guided optimisation of fenofibrate-derived oxidative phosphorylation inhibitors to modify tumour hypoxia,RSC Medicinal Chemistry,2026,international_literature,10.1039/d5md00742a,doi,True,POINTER_ONLY,electron_transport_oxphos|perfusion_vascular_hypoxia,,True,,https://doi.org/10.1039/d5md00742a
epmc_med_42072072,"Nanomaterial-Based Therapeutic Delivery: Integrating Redox Biology, Genetic Engineering, and Imaging-Guided Treatment",Antioxidants,2026,narrative_review,10.3390/antiox15040430,doi,True,POINTER_ONLY,oxidative_stress_redox,,True,,https://doi.org/10.3390/antiox15040430
epmc_med_42074187,The Role of Cellular Senescence in Obstructive Airway Diseases: From Mechanisms to Therapeutic Targets,International Journal of Molecular Sciences,2026,narrative_review,10.3390/ijms27083542,doi,True,POINTER_ONLY,dna_damage_parp|herb_drug_interaction_cyp_pgp|immune_checkpoint|oxidative_stress_redox|p53_apoptosis_cell_cycle,,True,,https://doi.org/10.3390/ijms27083542
epmc_med_42077003,How the Ketogenic Diet Shapes the Microbiome to Influence Cancer Immunotherapy Outcomes: An Exploration of Clinical Trials and Their Results,Nutrition and Cancer,2026,narrative_review,10.1080/01635581.2026.2658807,doi,True,POINTER_ONLY,immune_checkpoint|metabolic_fasting_glycolysis,,True,,https://doi.org/10.1080/01635581.2026.2658807
epmc_med_42088220,Effects of different exercise interventions on depression and anxiety in cancer survivors: a systematic review and Bayesian network meta-analysis of randomized controlled trials,Frontiers in Oncology,2026,meta_analysis,10.3389/fonc.2026.1741755,doi,True,POINTER_ONLY,oxidative_stress_redox|perfusion_vascular_hypoxia,,True,,https://doi.org/10.3389/fonc.2026.1741755
epmc_med_42096654,"Efficacy and safety of denosumab, zoledronic acid and alendronate on bone mineral density and trabecular bone score in men with osteoporosis",Age and Ageing,2026,rct,10.1093/ageing/afag121,doi,True,POINTER_ONLY,oxidative_stress_redox,,True,,https://doi.org/10.1093/ageing/afag121
epmc_med_42107864,Machine learning and multi-dimensional transcriptomics reveal the key molecular network of benzo(a)pyrene/NNK in promoting laryngeal cancer and develop prognostic models,Environmental Pollution,2026,international_literature,10.1016/j.envpol.2026.128275,doi,True,VERIFIED,oxidative_stress_redox,head_neck,True,,https://doi.org/10.1016/j.envpol.2026.128275
epmc_med_42119860,"Novel Cu(II)-complex loaded Eudragit® nanoparticles: design, synthesis, characterization, and enhanced antitumor activity against triple-negative breast cancer",International Journal of Pharmaceutics,2026,international_literature,10.1016/j.ijpharm.2026.126976,doi,True,POINTER_ONLY,oxidative_stress_redox|p53_apoptosis_cell_cycle,breast,True,,https://doi.org/10.1016/j.ijpharm.2026.126976
epmc_med_42124055,Diagnostic Performance and Agreement of MST and NUTRISCORE Compared with GLIM Criteria in Ambulatory Cancer Patients: Results from the OncoNutridos Study,Nutrients,2026,observational,10.3390/nu18091452,doi,True,POINTER_ONLY,oxidative_stress_redox,,True,,https://doi.org/10.3390/nu18091452
epmc_med_42134900,Morning versus afternoon administration of immune checkpoint inhibitors in metastatic non-small-cell lung cancer,Journal for ImmunoTherapy of Cancer,2026,rct,10.1136/jitc-2025-013830,doi,True,POINTER_ONLY,immune_checkpoint|oxidative_stress_redox,lung,True,,https://doi.org/10.1136/jitc-2025-013830
epmc_med_42143941,Identification of the target ANTXR1 and covalent acylation mechanism of 8-esterified cycloberberines against cancer,European Journal of Medicinal Chemistry,2026,international_literature,10.1016/j.ejmech.2026.118965,doi,True,POINTER_ONLY,,,True,,https://doi.org/10.1016/j.ejmech.2026.118965
epmc_med_42152639,"Mechanistic Insights into Xihuang Wan against Bladder Cancer via PI3K/
AKT/BCL2-Mediated Apoptosis Inhibition: Integrated Network Pharmacology,
Molecular Docking, Molecular Dynamics Simulations and Experimental Validation",Current Pharmaceutical Design,2026,international_literature,10.2174/0113816128435835260116205839,doi,True,VERIFIED,p53_apoptosis_cell_cycle,bladder,True,,https://doi.org/10.2174/0113816128435835260116205839
epmc_med_42166960,A critical review of gold(I) complexes as anticancer agents: from canonical mechanisms to immune activation,Bioorganic Chemistry,2026,narrative_review,10.1016/j.bioorg.2026.109969,doi,True,POINTER_ONLY,immune_checkpoint|oxidative_stress_redox,,True,,https://doi.org/10.1016/j.bioorg.2026.109969
epmc_med_42179885,Engineered nanomedicine triggering ROS storms for enhanced cancer therapeutics,Regenerative Biomaterials,2026,narrative_review,10.1093/rb/rbag029,doi,True,POINTER_ONLY,immune_checkpoint|oxidative_stress_redox,,True,,https://doi.org/10.1093/rb/rbag029
epmc_med_42186346,"Ruthenium(
                    <scp>ii</scp>
                    )/diphosphine/naphthoquinone complexes: synthesis, characterization, anticancer activity and molecular docking studies",Dalton Transactions,2026,international_literature,10.1039/d6dt00204h,doi,True,VERIFIED,electron_transport_oxphos|p53_apoptosis_cell_cycle,breast,True,,https://doi.org/10.1039/d6dt00204h
epmc_med_42193163,A Narrative Review of In Vivo Studies on the Role of Reactive Oxygen Species in Ovarian Cancer,Antioxidants,2026,narrative_review,10.3390/antiox15050540,doi,True,POINTER_ONLY,dna_damage_parp|immune_checkpoint|metabolic_fasting_glycolysis|oxidative_stress_redox|p53_apoptosis_cell_cycle,ovarian,True,,https://doi.org/10.3390/antiox15050540
epmc_med_42196376,The Mechanism of Mg2+-Mediated Inhibition of Cervical Cancer by Inducing a Senescence-like State via the ATM/CHK2/p21 Signaling Pathway,International Journal of Molecular Sciences,2026,international_literature,10.3390/ijms27104397,doi,True,POINTER_ONLY,immune_checkpoint|p53_apoptosis_cell_cycle,cervical,True,,https://doi.org/10.3390/ijms27104397
epmc_med_42198317,"BPC-157 as an Investigational Peptide Therapeutic: Biopharmaceutical Challenges, Formulation Strategies, and Translational Development Barriers",Pharmaceutics,2026,narrative_review,10.3390/pharmaceutics18050625,doi,True,POINTER_ONLY,oxidative_stress_redox,,True,,https://doi.org/10.3390/pharmaceutics18050625
epmc_med_42206489,Cancer Surveillance in Lynch Syndrome: A Scoping Review of International and National Guidelines,Genetics in Medicine,2026,narrative_review,10.1016/j.gim.2026.102610,doi,True,POINTER_ONLY,oxidative_stress_redox,bladder|colorectal|ovarian|pancreatic,True,,https://doi.org/10.1016/j.gim.2026.102610
epmc_med_42221543,Editorial: Discovery and function research of novel natural products,Frontiers in Chemistry,2026,commentary,10.3389/fchem.2026.1856543,doi,True,POINTER_ONLY,,,False,,https://doi.org/10.3389/fchem.2026.1856543
epmc_med_42232767,"Exploration of the multi-component, multi-target, and multi-pathway mechanism of Rubia yunnanensis in inhibiting breast cancer based on network pharmacology, molecular docking, and experimental validation",Biochemistry and Biophysics Reports,2026,international_literature,10.1016/j.bbrep.2026.102636,doi,True,POINTER_ONLY,p53_apoptosis_cell_cycle,breast,True,,https://doi.org/10.1016/j.bbrep.2026.102636
epmc_med_9624466,Phase I Safety and Pharmacokinetics Study of Micronized Atovaquone in Human Immunodeficiency Virus-Infected Infants and Children,Antimicrobial Agents and Chemotherapy,1998,clinical_trial,10.1128/aac.42.6.1315,doi,True,POINTER_ONLY,,,True,,https://doi.org/10.1128/aac.42.6.1315
epmc_ppr_ppr1183156,"The oxidative phosphorylation inhibitor, atovaquone, upregulates PD-L1 via activation of the ATM/ATR DNA damage response pathway",,2026,preprint,10.21203/rs.3.rs-9476762/v1,doi,True,VERIFIED,dna_damage_parp|electron_transport_oxphos|immune_checkpoint|p53_apoptosis_cell_cycle,ovarian,True,,https://doi.org/10.21203/rs.3.rs-9476762/v1
nct00005094,Celecoxib to Prevent Colorectal Cancer in Patients Who Have Undergone Surgery to Remove Polyps,ClinicalTrials.gov,2000-03,trial_registry,NCT00005094,nct,True,POINTER_ONLY,,colorectal,False,,https://clinicaltrials.gov/study/NCT00005094
nct00263185,High Dose Vit D Musculoskeletal Symptoms & Bone Density in Anastrozole-Treated Breast Cancer With Marginal Vit D Status,ClinicalTrials.gov,2005-11,trial_registry,NCT00263185,nct,True,POINTER_ONLY,,breast,False,,https://clinicaltrials.gov/study/NCT00263185
nct00566410,"A Phase I, Open-Labeled, Single-Arm, Dose Escalation, Clinical and Pharmacology Study of Dichloroacetate (DCA) in Patients With Recurrent and/or Metastatic Solid Tumours",ClinicalTrials.gov,2007-12,trial_registry,NCT00566410,nct,True,POINTER_ONLY,,,False,,https://clinicaltrials.gov/study/NCT00566410
nct00983580,Acetylsalicylic Acid and Eflornithine in Treating Patients at High Risk for Colorectal Cancer,ClinicalTrials.gov,2009-08-20,trial_registry,NCT00983580,nct,True,POINTER_ONLY,,colorectal,False,,https://clinicaltrials.gov/study/NCT00983580
nct01386632,Study of DCA (Dichloroacetate) in Combination With Cisplatin and Definitive Radiation in Head and Neck Carcinoma,ClinicalTrials.gov,2011-05,trial_registry,NCT01386632,nct,True,POINTER_ONLY,,head_neck,False,,https://clinicaltrials.gov/study/NCT01386632
nct01747720,Vitamin D and Mammographic Breast Density,ClinicalTrials.gov,2012-10,trial_registry,NCT01747720,nct,True,POINTER_ONLY,,,False,,https://clinicaltrials.gov/study/NCT01747720
nct02018497,Essential Hypotension and Allostasis Registry,ClinicalTrials.gov,1995-01,trial_registry,NCT02018497,nct,True,POINTER_ONLY,,,False,,https://clinicaltrials.gov/study/NCT02018497
nct02296125,AZD9291 Versus Gefitinib or Erlotinib in Patients With Locally Advanced or Metastatic Non-small Cell Lung Cancer,ClinicalTrials.gov,2014-12-03,trial_registry,NCT02296125,nct,True,POINTER_ONLY,,lung,False,,https://clinicaltrials.gov/study/NCT02296125
nct02596828,"Prospective Pilot Trial to Assess a Multimodal Molecular Targeted Therapy in Children, Adolescent and Young Adults With Relapsed or Refractory High-grade Pineoblastoma",ClinicalTrials.gov,2016-04,trial_registry,NCT02596828,nct,True,POINTER_ONLY,oxidative_stress_redox,,False,,https://clinicaltrials.gov/study/NCT02596828
nct02793531,Anabolic Response Cancer,ClinicalTrials.gov,2016-05,trial_registry,NCT02793531,nct,True,POINTER_ONLY,,,False,,https://clinicaltrials.gov/study/NCT02793531
nct03151291,Effects of WB-EMS and Specific Dietary Supplements on Cancer Patients,ClinicalTrials.gov,2016-12,trial_registry,NCT03151291,nct,True,POINTER_ONLY,,,False,,https://clinicaltrials.gov/study/NCT03151291
nct03461354,MucoLox Formulation to Mitigate Mucositis Symptoms in Head/Neck Cancer,ClinicalTrials.gov,2018-04-09,trial_registry,NCT03461354,nct,True,POINTER_ONLY,,,False,,https://clinicaltrials.gov/study/NCT03461354
nct03745261,Effect of Yong Chong Cao Capsule on Outcomes in Patients With Mild to Severe COPD,ClinicalTrials.gov,2018-06-20,trial_registry,NCT03745261,nct,True,POINTER_ONLY,,,False,,https://clinicaltrials.gov/study/NCT03745261
nct04098744,Artesunate Vaginal Inserts for the Treatment of Cervical Intraepithelial Neoplasia (CIN2/3),ClinicalTrials.gov,2020-09-09,trial_registry,NCT04098744,nct,True,POINTER_ONLY,,,False,,https://clinicaltrials.gov/study/NCT04098744
nct04444219,"Postprandial Glucose, Insulin Responses and Appetite Hormones to Dried Mushrooms",ClinicalTrials.gov,2020-06-01,trial_registry,NCT04444219,nct,True,POINTER_ONLY,,,False,,https://clinicaltrials.gov/study/NCT04444219
nct04771520,Avapritinib for the Treatment of CKIT or PDGFRA Mutation-Positive Locally Advanced or Metastatic Malignant Solid Tumors,ClinicalTrials.gov,2021-01-20,trial_registry,NCT04771520,nct,True,POINTER_ONLY,,,False,,https://clinicaltrials.gov/study/NCT04771520
nct05108012,Nk Cell Therapy for Recurrent Glioblastoma Multiform Patients,ClinicalTrials.gov,2021-08-01,trial_registry,NCT05108012,nct,True,POINTER_ONLY,,glioma_gbm,False,,https://clinicaltrials.gov/study/NCT05108012
nct05402124,The Colorectal Cancer Chemoprevention Acceleration and Improvement Platform (CRC-CHAMP) Study,ClinicalTrials.gov,2022-07,trial_registry,NCT05402124,nct,True,POINTER_ONLY,,colorectal,False,,https://clinicaltrials.gov/study/NCT05402124
nct05667415,Treatment of Advance Gastric Cancer With Disulfiram,ClinicalTrials.gov,2023-06-01,trial_registry,NCT05667415,nct,True,POINTER_ONLY,,gastric,False,,https://clinicaltrials.gov/study/NCT05667415
nct05979610,Using Reiki Therapy to Improve Symptoms Associated With Brachytherapy in Patients With Gynecological Malignancies,ClinicalTrials.gov,2023-11-14,trial_registry,NCT05979610,nct,True,POINTER_ONLY,,,False,,https://clinicaltrials.gov/study/NCT05979610
